filename,Leaf miner
Screenshot-2024-04-30-141635_png.rf.3ff4964b72edab8b3d0e35c7c9389fcc.jpg,1
LEAF-MINER29_png.rf.488320db5e7b5b564eb29538d0b3839c.jpg,1
Screenshot-2024-04-30-142021_png.rf.986a02d9ef0b0b1a7241c7e4df4850bc.jpg,1
Screenshot-2024-04-30-141701_png.rf.4d38fc3e304936739f3fad8a57ff68ad.jpg,1
Screenshot-2024-04-30-141909_png.rf.7b55f9ea031b2baf95b40d6f7dd6e556.jpg,1
Screenshot-2024-04-30-141224_png.rf.e0cb1b99529fa3f3cfaf929fd99bb064.jpg,1
Screenshot-2024-04-30-142133_png.rf.64a8608529ded630333277f9c0f6c798.jpg,1
Screenshot-2024-04-30-142318_png.rf.ec7f42c8d2f79333be00d2e8cdcb65d1.jpg,1
LEAF-MINER12_png.rf.16023d2657f531759ecd8780d5cf1f38.jpg,1
Screenshot-2024-04-30-141729_png.rf.eb868280704fd5f6caa685090838ff4c.jpg,1
Screenshot-2024-04-30-142454_png.rf.b0da10bf33d71ba297552fc619342ca4.jpg,1
Screenshot-2024-04-30-142223_png.rf.62d9cdc7bf6bbcfeab3e2a18f1d4fb54.jpg,1
Screenshot-2024-04-30-141354_png.rf.dc509230f410e8088ec0f99d523b7a79.jpg,1
LEAF-MINER49_png.rf.fb1008399e6ef00d56040c4517c5ecab.jpg,1
LEAF-MINER46_png.rf.3f1610daa5218d3a565322e53b81a06a.jpg,1
Screenshot-2024-04-30-141840_png.rf.f40c76b1816579047e18aa7662ab965c.jpg,1
Screenshot-2024-04-30-142342_png.rf.b6e1c46e24976fde2383a6b895a292b5.jpg,1
Screenshot-2024-04-30-141738_png.rf.7f28f7d17f97650e54dc6081cb7c6227.jpg,1
Screenshot-2024-04-30-142044_png.rf.a2904147fc05e68db5f3602f8bfcb078.jpg,1
LEAF-MINER31_png.rf.51f9bfa400f491104f9995603f5f32c1.jpg,1
Screenshot-2024-04-30-133202_png.rf.6c70d7a82513d252aad4e0c731e94aed.jpg,1
LEAF-MINER22_png.rf.7b84bf5177406e72a84de70e45aab7cb.jpg,1
LEAF-MINER10_png.rf.0717f74a3e05951078ceb5798e9634b2.jpg,1
LEAF-MINER41_png.rf.4edf14dca2c40f42af3ab23c0596744d.jpg,1
LEAF-MINER19_png.rf.ac2ecf6d8ebb771be0e8acb2ec6dfc5f.jpg,1
Screenshot-2024-04-30-141817_png.rf.57e393b51fb9f9c35a2c2b382b18b0c6.jpg,1
LEAF-MINER14_png.rf.ffd1fbb8b88bbd648c9eed9c3041d6d3.jpg,1
LEAF-MINER24_png.rf.27034c00ad6e0fd9f1710d7d71cb2fe2.jpg,1
LEAF-MINER6_png.rf.44f686a89d2bd2083dfcdc027d70f78f.jpg,1
LEAF-MINER25_png.rf.768abfeb93d63c6d273456b69bcefa1d.jpg,1
Screenshot-2024-04-30-141720_png.rf.e95646207f0dfbfd2c7e185841935c9d.jpg,1
LEAF-MINER11_png.rf.c39895137f946cf2c1aa2f3097e20c15.jpg,1
LEAF-MINER27_png.rf.1e1feb7ef833d35f0029eb87dc5cb70c.jpg,1
Screenshot-2024-04-30-142419_png.rf.2881b8757fbeff0422fa926f16a28e85.jpg,1
Screenshot-2024-04-30-131819_png.rf.b8a43d4a42a97ae31f1f4e5f9a06deb0.jpg,1
LEAF-MINER33_png.rf.3f24b2d1f345d8d217c1dd0fbb8db96c.jpg,1
LEAF-MINER30_png.rf.ef9bfb0d212127b54415657748c12b5f.jpg,1
LEAF-MINER3_png.rf.63e1a813aed105df98162d27064ba587.jpg,1
Screenshot-2024-04-30-142358_png.rf.44b09c18178ed2dd61931005a3992d39.jpg,1
LEAF-MINER13_png.rf.dca423624d586e450eaa9e133f2068d0.jpg,1
Screenshot-2024-04-30-132453_png.rf.df8c3f4f51a80153c808b3985faabb34.jpg,1
LEAF-MINER34_png.rf.5d9ffbc016528ca0b84198996fe678f6.jpg,1
LEAF-MINER23_png.rf.d8a1215835e5c120030cb1a3920de83d.jpg,1
Screenshot-2024-04-30-131807_png.rf.9da1ed861ee47a49b02f911cc987b27c.jpg,1
LEAF-MINER48_png.rf.9c131cc54b2dde47dccd587d01cb4cc2.jpg,1
LEAF-MINER20_png.rf.1244f5ca155dd3a6e4208c12abb9ff39.jpg,1
Screenshot-2024-04-30-142153_png.rf.c364c40e4e572d83b3e478ac3fccc8b7.jpg,1
LEAF-MINER5_png.rf.84b1e5362721dd2db0751b8b11627887.jpg,1
Screenshot-2024-04-30-142112_png.rf.5dec2f13c8c257d8983404d37c0ff5c4.jpg,1
LEAF-MINER8_png.rf.7e55f98cac771f4e46ca6a82119a9326.jpg,1
LEAF-MINER28_png.rf.4673d4a3c5ee6387638986dba0151ad2.jpg,1
LEAF-MINER21_png.rf.390c3df8726f44a052d9d18b34204485.jpg,1
LEAF-MINER9_png.rf.a21ba27aafc8724ee7ff1e1339099d69.jpg,1
LEAF-MINER54_jpg.rf.9c808b6b4da398e7348be30ee7264b75.jpg,1
Screenshot-2024-04-30-142512_png.rf.45747aa8f2c5b52d4706f468603e598c.jpg,1
Screenshot-2024-04-30-141856_png.rf.44ec9d29d7ca87eaceba3aa97afd5bcd.jpg,1
Screenshot-2024-04-30-133428_png.rf.c0d05240cde956bffe00fb7b8bb14eae.jpg,1
LEAF-MINER7_png.rf.04ebeb1c8580b92fe180dbf3287c0d69.jpg,1
Screenshot-2024-04-30-142303_png.rf.2cd8daad72147cdcb6837ec34b4e5d85.jpg,1
Screenshot-2024-04-30-141955_png.rf.650a5ac93bb24d0e03c483fa280d03fe.jpg,1
LEAF-MINER26_png.rf.10516d167ab397feb5a9818a6299d5a4.jpg,1
Screenshot-2024-04-30-141239_png.rf.522c87be03fead277c3119835fe73ad5.jpg,1
LEAF-MINER18_png.rf.06cb5d43c120118c194147715ba8961f.jpg,1
LEAF-MINER16_png.rf.64d41f88899cf94f68281fc714eed80e.jpg,1
Screenshot-2024-04-30-133220_png.rf.50c4a8e04cb34fce8f679959cc3693df.jpg,1
LEAF-MINER15_png.rf.47823d4382398b5d7af67c5fc486ce83.jpg,1
437369942_787402570046107_8969807210780005430_n_jpg.rf.778af218032f2e75c60feff415e1555a.jpg,1
Screenshot-2024-04-30-141617_png.rf.fc7c36f69ef403c273737356f38cde81.jpg,1
Screenshot-2024-04-30-142206_png.rf.bf6a23df05333fadf0ead1e16669e7c7.jpg,1
Screenshot-2024-04-30-142057_png.rf.b2850dca4da341a1adf07c2a71ed2735.jpg,1
LEAF-MINER35_png.rf.6fb05e1e35be3e53e61fd8d42596f3b3.jpg,1
Screenshot-2024-04-30-132238_png.rf.38cf349cea1e9f84331d0cf890a68d47.jpg,1
Screenshot-2024-04-30-141827_png.rf.d3510d393c6188e6ed1e3510b2b65bf4.jpg,1
Screenshot-2024-04-30-132506_png.rf.e04389d41fbf84a778a67cad66770b57.jpg,1
Screenshot-2024-04-30-142240_png.rf.d2d7b30d96e4c5f50d55557456d7c3bf.jpg,1
LEAF-MINER50_png.rf.0aa99cf1a99ff8d1c290d72e92607e71.jpg,1
Screenshot-2024-04-30-142248_png.rf.1f39079604d845ccfc05dd0dd489866a.jpg,1